file_name,md5,SHA256
"('C:\\WINDOWS\\clspack.exe', 'bdebbf6801c8da55f27bc7370316d7a7')",572c3666fd86083135f7acd95c7e0000ce87d04021e6fbbaa5f63333a4165ea7
"('C:\\WINDOWS\\explorer.exe', '9eb867933136ad37eaf7f2ecb97e3a4d')",55aa863537cbbda6c5ef5c1745ba5006fd201a639e100e3cb87e86cb06e0e400
"('C:\\WINDOWS\\extrac32.exe', '27751f059e235b599734371eba8b50db')",88ec547d1c25b45568928a7e3e1b320090b367f4b43ffd605e1ee8392a4e2235
"('C:\\WINDOWS\\hh.exe', '5b50d0284158d546cf2d8784409159d1')",99d2ce22196d749bb316b74e05ff162a429e3888e6afa19d9607548c02af3eed
"('C:\\WINDOWS\\jview.exe', 'fd5462e79dd379f11d838b11fb502b5c')",db9e1fc2b579cda06a22a30536a865c14cb141ef2927550264d1ebe5f9e88092
"('C:\\WINDOWS\\inf\\unregmp2.exe', '5b89c5d9c01b9fea02047ea024c54291')",e7910b67ba60ac07f9cea42953b42dcdc2781cc0de9dbf6125faba58fe83e362
"('C:\\WINDOWS\\Downloaded Installations\\Macromedia Dreamweaver 8\\DW_Client_Installer.exe', '88d163603fd67039e8baac73cb5e31ea')",29a6368ec658c202f54baa3767d1424f63c74b63734d436d4833941afc41c4a0
"('C:\\WINDOWS\\Downloaded Installations\\Macromedia Dreamweaver 8\\WindowsInstaller-KB884016-v2-x86.exe', 'b2a55997f62119fb8550cd6a691be0ef')",2c297c11c818a411c238421dc1509ea7d41ade02c8e303721de00fb539697630
"('C:\\WINDOWS\\ime\\IMJP8_1\\cplexe.exe', '135bd481fa24e24895b147fccdc3bcc7')",652b31aa0a2f15571843f096c6b8202d34c15c31f732c0e8c60813fd5f97134e
"('C:\\WINDOWS\\ime\\IMJP8_1\\imjpdadm.exe', '3cf7e3be7038eb5a68319c36cd11ab90')",ebc1f3554ed6cec76c221dd8c5721cb9065324470d19770019cc771be9e281c6
"('C:\\WINDOWS\\ime\\IMJP8_1\\imjpdct.exe', '9f2d3141ed8aaa078c27f27d8bbc188b')",da5c527f47df919d943bd60b2a99942611dae6d37975524d062a5fac4218997e
"('C:\\WINDOWS\\ime\\IMJP8_1\\imjpdsvr.exe', '08785071b116574b079df3b4e4d37d4b')",e44497e679a9febec852dbd158fd93ca944c3a4eca34ecfe0aceb4e39a9acc95
"('C:\\WINDOWS\\ime\\IMJP8_1\\imjpinst.exe', 'b36bba8baf85b9227832ecb243a689b4')",1adf9f4682b09ee1eea261481a666eb7bb9f7e90c1799b46bc5029051af2a2a2
"('C:\\WINDOWS\\ime\\IMJP8_1\\imjpmig.exe', '7bbe4cf421aecc7f0226edd75f12079f')",8e78fc5e0657db066f9ebaadea9afecb1aaa570dd9c08c7ed42116704d2e379d
"('C:\\WINDOWS\\ime\\IMJP8_1\\imjprw.exe', 'cceb77ba901f8f5eb0092f860e88c3c5')",78202a9598e051fd2452e0f0a24e84de6414a8ff81f3f6d376de21ba0be30bf4
"('C:\\WINDOWS\\ime\\IMJP8_1\\imjpuex.exe', '95bd14e24f1438aa1cc5ac023d03c9ec')",fb5bc4baece5c3ab3dabf84f8597bed3c3f2997336c85c84fdf4beba2dcb700f
"('C:\\WINDOWS\\ime\\IMJP8_1\\imjputy.exe', '40059162f691911dad738cf7a5d569a1')",910fb0e8dff480e7a80ccf11a982e2d707ef0453c295bf99d0aa907a18ebd8c7
"('C:\\WINDOWS\\ime\\IMKR6_1\\imekrmig.exe', 'e6bb63bbe1bed01769ca87f4dac286c8')",6d1d7c7365fbf29c92398bc11d5713bc373e372d92c155da0dba3b86dd1705f7
"('C:\\WINDOWS\\ime\\IMKR6_1\\imkrinst.exe', 'a7eeb5b6405dbaeb1128b09b6adef8f8')",17dc12cfc63cacf06b76c53d65c683c6828a55be33eeab3ece10b789c3357b30
"('C:\\WINDOWS\\ime\\SHARED\\imepadsv.exe', 'e3eaf21c5981464b2992edae76da680c')",baefea3acb9e4f5f31b6e17cbb463cdf6e3aed654e9df61fb77278fe36aaf8bf
"('C:\\WINDOWS\\Installer\\{350C97B5-3D7C-4EE8-BAA9-00BCB3D54227}\\places.exe', '56dee9ca6a6e3fb0496e405bb1aed2cd')",6da777b1d59e51885371171266f38b86065cb318b8744690c3421af65db084ce
"('C:\\WINDOWS\\Installer\\{50F37472-CBAB-47C6-A318-4C2BAE04D8EB}\\python_icon.exe', '61cd49b83c9a81b651b04c7ac150bbc4')",abd464357535a427f587a59b39d2ec1283e6f729e5dad486edee2e0fc918e055
"('C:\\WINDOWS\\Installer\\{5582719E-BB29-477B-BDD4-B494A746CE7D}\\DWARPPRODUCTICON.exe', 'c338bec47744661eb5fa82b93e80ba9e')",2ae93162a6777e24321a4c86790b48d528fdfc5507dacd818907bb7d962b01eb
"('C:\\WINDOWS\\Installer\\{F312B2F8-A700-46D2-A2DD-BB758313EA2F}\\EMARPPRODUCTICON.exe', '2d6eaebe95c1b825cb9730b3275b7922')",72852b3b803dc71fd3d3067ff00ca5da8c5d256f6c19cd2019b9506aa72221a2
"('C:\\WINDOWS\\Help\\Tours\\mmTour\\tour.exe', 'cd861ae3074422701482425646b98cfb')",3d214417e3904289c4d937669f191176b30ea2558df93d0bc6d00169628f836e
"('C:\\WINDOWS\\assembly\\NativeImages_v4.0.30319_32\\dfsvc\\bfea6657186cc50f99c6958830bf6bc4\\dfsvc.ni.exe', '4118def2891a091021d263f046b6acbc')",3dc36cebe8b3de46677d01c84b644703dd886f560d474869810e4ca1250d3ba1
"('C:\\WINDOWS\\assembly\\NativeImages_v4.0.30319_32\\SMSvcHost\\048beed5824506fe8ac3453e5d71edb2\\SMSvcHost.ni.exe', 'c200b2278913b867cead230107acd6d4')",06ede492dc64a82eca5f55ac9c68f5f7c7342ef44170f82dd8f829cd3b792aa1
